{
	"title": "结晶",
	"titleResId": "wallpaper_group_crystallization_title",
	"subtitle": "美丽科学",
	"subtitleResId": "wallpaper_group_crystallization_subtitle",
	"cardType": 2,
	"count": 9,
	"slideCount": 9,
	"randomOrder": false,
	"wallpapers": [{
        "thumbPath": "./Crystallization01.webp",
        "originPath": "",
        "type": "videowallpaper",
        "isSupportLoop": "false",
        "previewPath": "https://thm.w.xk.miui.com/314b56d2f1c9571de46b1795233d0268",
        "downloadPath": "http://f2.market.mi-img.com/download/ThemeMarket/08ed1d70ef0b6417ea367dc5910731010e04c0969",
        "fileSizeInKB": "24369440",
        "productUuid": "8fa40b77-6bdb-49e9-b20d-b9dfb0464797",
        "onlineId": "5157a7d4-e769-4bda-810b-49ec02eb53e3"
	}, {
        "thumbPath": "./Crystallization02.webp",
        "originPath": "",
        "type": "videowallpaper",
        "isSupportLoop": "false",
        "previewPath": "https://thm.w.xk.miui.com/a07132336af90397d5c74e5b1e05bb16",
        "downloadPath": "http://f3.market.xiaomi.com/download/ThemeMarket/00f6af9b26b084a05bd9b3aa05742cf0c849c6663",
        "fileSizeInKB": "23244967",
        "productUuid": "e8bca94b-de3e-4e9e-a79f-9e387c35b4fa",
        "onlineId": "57a9cd89-670e-409a-b342-94c9914122b3"
        }, {
        "thumbPath": "./Crystallization03.webp",
        "originPath": "",
        "type": "videowallpaper",
        "isSupportLoop": "false",
        "previewPath": "https://thm.w.xk.miui.com/936fde8f84d0613ac2b8b4fe7c538822",
        "downloadPath": "http://f5.market.xiaomi.com/download/ThemeMarket/0876d04001b494752a589f5b88a4401e04bb18cdf",
        "fileSizeInKB": "23178892",
        "productUuid": "87f9d845-df49-4013-bebe-ddb9e0a82acf",
        "onlineId": "313297ff-6eaa-48aa-b10e-4d5505fae72c"
        }, {
        "thumbPath": "./Crystallization04.webp",
        "originPath": "",
        "type": "videowallpaper",
        "isSupportLoop": "false",
        "previewPath": "https://thm.w.xk.miui.com/30417e3c7d64feeecfe148f8569917d5",
        "downloadPath": "http://f1.market.xiaomi.com/download/ThemeMarket/04bf2aa69dfc247af9f3f75405c14d742eca5c986",
        "fileSizeInKB": "21082509",
        "productUuid": "f8f45166-69e0-453d-9c7d-11cc4c54012d",
        "onlineId": "94001dbc-ed91-4e5b-b369-e785c40a4c46"
        }, {
        "thumbPath": "./Crystallization05.webp",
        "originPath": "",
        "type": "videowallpaper",
        "isSupportLoop": "false",
        "previewPath": "https://thm.w.xk.miui.com/2a631c66704b71b132be4ec877c6141e",
        "downloadPath": "http://f1.market.xiaomi.com/download/ThemeMarket/099e60a10f06a486f857cbabe12fabfab8bed139a",
        "fileSizeInKB": "19836016",
        "productUuid": "c81191ee-9d65-42f4-b16a-e538ae69d4d3",
        "onlineId": "e95e1e51-3472-42c5-890f-f7debcd5b1eb"
        }, {
        "thumbPath": "./Crystallization06.webp",
        "originPath": "",
        "type": "videowallpaper",
        "isSupportLoop": "false",
        "previewPath": "https://thm.w.xk.miui.com/b5b20505c656b1ace68d2110142b3973",
        "downloadPath": "http://f2.market.mi-img.com/download/ThemeMarket/0d4594e4e426e494583de7549df92d926cceccaed",
        "fileSizeInKB": "26204186",
        "productUuid": "7fe03e0e-8410-4d1f-a77d-ee046169b032",
        "onlineId": "a5b8ffc4-41ff-4e8b-a248-44462d3adb2c"
        }, {
        "thumbPath": "./Crystallization07.webp",
        "originPath": "",
        "type": "videowallpaper",
        "isSupportLoop": "false",
        "previewPath": "https://thm.w.xk.miui.com/162e481727ffe7fd96050fa84a55ae0b",
        "downloadPath": "http://f2.market.mi-img.com/download/ThemeMarket/0c382e6554ec34477ae01fbe62aa987d4c5777062",
        "fileSizeInKB": "23350571",
        "productUuid": "430bc219-2f1d-4326-be14-eddeac40d75b",
        "onlineId": "5743568c-4093-425c-841e-9c5f53142749"
        }, {
        "thumbPath": "./Crystallization08.webp",
        "originPath": "",
        "type": "videowallpaper",
        "isSupportLoop": "false",
        "previewPath": "https://thm.w.xk.miui.com/057e7e1e080091a777507ce2962b0bc0",
        "downloadPath": "http://f5.market.xiaomi.com/download/ThemeMarket/0fa179cfe9a794dc1ba709075513e071261d4207c",
        "fileSizeInKB": "23374877",
        "productUuid": "d7be2656-fedc-4e1d-820c-9ee5d068d05b",
        "onlineId": "bf568706-218e-418c-b4c9-dd90de48efb0"
        }, {
        "thumbPath": "./Crystallization09.webp",
        "originPath": "",
        "type": "videowallpaper",
        "isSupportLoop": "false",
        "previewPath": "https://thm.w.xk.miui.com/799f3842cfd6119fe553b23fee905ff9",
        "downloadPath": "http://f5.market.xiaomi.com/download/ThemeMarket/0973a895094334629b6023d380ca8b3dde0f0874f",
        "fileSizeInKB": "23168148",
        "productUuid": "f31cc698-8103-4fdf-ac73-b99e3c366805",
        "onlineId": "41e16840-98d4-4b5e-97a9-49200358be66"
        } ]
}
